shipment_id,origin_port,destination,status,departure_date,arrival_date,customs_tax,import_tax,other_taxes,total_weight,carrier,shipment_value,estimated_delivery
"SHP011","Shanghai","Los Angeles","Pending","2024-06-15","2024-06-25",5050,2400,50,1000,"Maersk",10000,"2024-07-01"
"SHP012","Shenzhen","Houston","Pending","2024-06-16","2024-06-26",600,250,60,1500,"COSCO",15000,"2024-07-05"
"SHP013","Ningbo","San Francisco","Pending","2024-06-17","2024-06-27",56546,220,55,45645,"MSC",12000,"2024-07-10"
"SHP014","Tianjin","Dallas","Pending","2024-06-18","2024-06-28",580,240,58,1300,"Hapag-Lloyd",13000,"2024-07-15"
"SHP015","Guangzhou","Denver","Pending","2024-06-19","2024-06-29",610,260,61,1400,"Evergreen",144000,"2024-07-20"
"SHP016","Qingdao","Seattle","Pending","2024-07-01","2024-07-10",520,2510,52,1100,"APM","11000","2024-07-15"
"SHP017","Wuhan","San Diego","Pending","2024-07-02","2024-07-11",540,230,54,1200,"CMA CGM","12000","2024-07-18"
"SHP018","Xi'an","New York City","Pending","2024-07-03","2024-07-12",560,240,56,1300,"OOCL","130600","2024-07-21"
"SHP019","Chengdu","Portland","Pending","2024-07-04","2024-07-13",580,250,58,1400,"Kunming Shipping","14000","2024-07-25"
"SHP020","Nanjing","Oakland","Pending","2024-07-05","2024-07-14",6500,260,60,1500,"ZIM","15000","2024-07-28"
"SHP021","Shanghai","Los Angeles","Pending","2024-06-15","2024-06-25",500,200,50,7777,"Maersk",10000,"2024-07-01"
"SHP022","Shenzhen","Houston","Pending","2024-06-16","2024-06-26",600,250,60,1500,"COSCO",15000,"2024-07-05"
"SHP023","Ningbo","San Francisco","Pending","2024-06-17","2024-06-27",550,220,55,1200,"MSC",120050,"2024-07-10"
"SHP024","Tianjin","Dallas","Pending","2024-06-18","2024-06-28",580,240,58,1300,"Hapag-Lloyd",13000,"2024-07-15"
"SHP025","Guangzhou","Denver","Pending","2024-06-19","2024-06-29",610,260,61,1400,"Evergreen",14000,"2024-07-20"
"SHP026","Qingdao","Seattle","Pending","2024-07-01","2024-07-10",520,210,52,1100,"APM","11000","2024-07-15"
"SHP027","Wuhan","San Diego","Pending","2024-07-02","2024-07-11",540,230,54,1200,"CMA CGM","12000","2024-07-18"
"SHP028","Xi'an","New York City","Pending","2024-07-03","2024-07-12",560,240,56,1300,"OOCL","13000","2024-07-21"
"SHP029","Chengdu","Portland","Pending","2024-07-04","2024-07-13",580,250,58,1400,"Kunming Shipping","14000","2024-07-25"
"SHP030","Nanjing","Oakland","Pending","2024-07-05","2024-07-14",600,260,60,1500,"ZIM","15000","2024-07-28"
"SHP031","Shanghai","Los Angeles","Pending","2024-06-15","2024-06-25",500,200,50,6,"Maersk",10000,"2024-07-01"
"SHP032","Shenzhen","Houston","Pending","2024-06-16","2024-06-26",600,250,60,1500,"COSCO",15000,"2024-07-05"
"SHP033","Ningbo","San Francisco","Pending","2024-06-17","2024-06-27",550,220,55,1200,"MSC",12000,"2024-07-10"
"SHP034","Tianjin","Dallas","Pending","2024-06-18","2024-06-28",580,240,58,1300,"Hapag-Lloyd",13000,"2024-07-15"
"SHP023","Ningbo","San Francisco","Pending","2024-06-17","2024-06-27",550,220,55,1200,"MSC",12000,"2024-07-10"
"SHP015","Guangzhou","Denver","Pending","2024-06-19","2024-06-29",610,260,61,1400,"Evergreen",14000,"2024-07-20"
"SHP011","Shanghai","Los Angeles","Pending","2024-06-15","2024-06-25",500,200,50,1000,"Maersk",10000,"2024-07-01"
"SHP026","Qingdao","Seattle","Pending","2024-07-01","2024-07-10",520,210,52,1100,"APM","11000","2024-07-15"
"SHP021","Shanghai","Los Angeles","Pending","2024-06-15","2024-06-25",500,200,50,1000,"Maersk",10000,"2024-07-01"
"SHP023","Ningbo","San Francisco","Pending","2024-06-17","2024-06-27",550,2520,55,222,"MSC",12000,"2024-07-10"
"SHP024","Tianjin","Dallas","Pending","2024-06-18","2024-06-28",580,240,58,1300,"Hapag-Lloyd",13000,"2024-07-15"
"SHP025","Guangzhou","Denver","Pending","2024-06-19","2024-06-29",610,260,61,1400,"Evergreen",14000,"2024-07-20"
"SHP011","Shanghai","Los Angeles","Pending","2024-06-15","2024-06-25",500,200,50,1000,"Maersk",10000,"2024-07-01"
"SHP012","Shenzhen","Houston","Pending","2024-06-16","2024-06-26",600,250,60,1500,"COSCO",15000,"2024-07-05"
"SHP013","Ningbo","San Francisco","Pending","2024-06-17","2024-06-27",550,220,55,1200,"MSC",12000,"2024-07-10"
"SHP014","Tianjin","Dallas","Pending","2024-06-18","2024-06-28",580,240,58,1300,"Hapag-Lloyd",55,"2024-07-15"
"SHP015","Guangzhou","Denver","Pending","2024-06-19","2024-06-29",610,260,61,1400,"Evergreen",4444,"2024-07-20"
"SHP017","Wuhan","San Diego","Pending","2024-07-02","2024-07-11",540,230,54,1200,"CMA CGM","12000","2024-07-18"
"SHP011","Shanghai","Los Angeles","Pending","2024-06-15","2024-06-25",500,200,50,1000,"Maersk",10000,"2024-07-01"
"SHP026","Qingdao","Seattle","Pending","2024-07-01","2024-07-10",520,210,52,1100,"APM","11000","2024-07-15"
"SHP021","Shanghai","Los Angeles","Pending","2024-06-15","2024-06-25",500,200,50,1000,"Maersk",10000,"2024-07-01"
"SHP023","Ningbo","San Francisco","Pending","2024-06-17","2024-06-27",550,220,55,1200,"MSC",12000,"2024-07-10"
"SHP019","Chengdu","Portland","Pending","2024-07-04","2024-07-13",580,250,58,1400,"Kunming Shipping","14000","2024-07-25"
"SHP020","Nanjing","Oakland","Pending","2024-07-05","2024-07-14",600,260,60,1500,"ZIM","15000","2024-07-28"
"SHP023","Ningbo","San Francisco","Pending","2024-06-17","2024-06-27",550,220,55,234234,"MSC",12000,"2024-07-10"
"SHP024","Tianjin","Dallas","Pending","2024-06-18","2024-06-28",580,240,58,1300,"Hapag-Lloyd",13000,"2024-07-15"
"SHP025","Guangzhou","Denver","Pending","2024-06-19","2024-06-29",610,260,61,1400,"Evergreen",14000,"2024-07-20"
"SHP026","Qingdao","Seattle","Pending","2024-07-01","2024-07-10",520,210,52,1100,"APM","11000","2024-07-15"
"SHP029","Chengdu","Portland","Pending","2024-07-04","2024-07-13",580,250,58,1400,"Kunming Shipping","14000","2024-07-25"
"SHP030","Nanjing","Oakland","Pending","2024-07-05","2024-07-14",6050,260,60,1500,"ZIM","15000","2024-07-28"
"SHP031","Shanghai","Los Angeles","Pending","2024-06-15","2024-06-25",500,5,50,1000,"Maersk",10000,"2024-07-01"
"SHP032","Shenzhen","Houston","Pending","2024-06-16","2024-06-26",6400,250,60,1500,"COSCO",15000,"2024-07-05"
"SHP033","Ningbo","San Francisco","Pending","2024-06-17","2024-06-27",550,220,55,1200,"MSC",12000,"2024-07-10"
"SHP034","Tianjin","Dallas","Pending","2024-06-18","2024-06-28",580,240,58,1300,"Hapag-Lloyd",13000,"2024-07-15"
"SHP023","Ningbo","San Francisco","Pending","2024-06-17","2024-06-27",550,220,55,1200,"MSC",12000,"2024-07-10"
"SHP011","Shanghai","Los Angeles","Pending","2024-06-15","2024-06-25",500,200,50,1000,"Maersk",10000,"2024-07-01"
"SHP026","Qingdao","Seattle","Pending","2024-07-01","2024-07-10",520,210,52,1100,"APM","11000","2024-07-15"
"SHP021","Shanghai","Los Angeles","Pending","2024-06-15","2024-06-25",500,200,50,1000,"Maersk",10000,"2024-07-01"
"SHP023","Ningbo","San Francisco","Pending","2024-06-17","2024-06-27",550,220,55,1200,"MSC",12000,"2024-07-10"
"SHP011","Shanghai","Los Angeles","Pending","2024-06-15","2024-06-25",500,345345,50,1000,"Maersk",10000,"2024-07-01"
"SHP012","Shenzhen","Houston","Pending","2024-06-16","2024-06-26",6040,250,60,1500,"COSCO",15000,"2024-07-05"
"SHP013","Ningbo","San Francisco","Pending","2024-06-17","2024-06-27",550,220,55,1200,"MSC",12000,"2024-07-10"
"SHP014","Tianjin","Dallas","Pending","2024-06-18","2024-06-28",580,240,58,1300,"Hapag-Lloyd",13000,"2024-07-15"
"SHP015","Guangzhou","Denver","Pending","2024-06-19","2024-06-29",610,260,61,1400,"Evergreen",14000,"2024-07-20"
"SHP016","Qingdao","Seattle","Pending","2024-07-01","2024-07-10",520,210,52,1100,"APM","11000","2024-07-15"
"SHP017","Wuhan","San Diego","Pending","2024-07-02","2024-07-11",540,230,54,1200,"CMA CGM","12000","2024-07-18"
"SHP018","Xi'an","New York City","Pending","2024-07-03","2024-07-12",560,240,56,1300,"OOCL","13000","2024-07-21"
"SHP019","Chengdu","Portland","Pending","2024-07-04","2024-07-13",580,250,58,1400,"Kunming Shipping","14000","2024-07-25"
"SHP020","Nanjing","Oakland","Pending","2024-07-05","2024-07-14",600,260,60,1500,"ZIM","15000","2024-07-28"
"SHP021","Shanghai","Los Angeles","Pending","2024-06-15","2024-06-25",500,200,50,1000,"Maersk",10000,"2024-07-01"
"SHP022","Shenzhen","Houston","Pending","2024-06-16","2024-06-26",600,456456,60,1500,"COSCO",15000,"2024-07-05"
"SHP023","Ningbo","San Francisco","Pending","2024-06-17","2024-06-27",550,220,55,1200,"MSC",12000,"2024-07-10"
"SHP028","Xi'an","New York City","Pending","2024-07-03","2024-07-12",560,240,56,1300,"OOCL","13000","2024-07-21"
"SHP029","Chengdu","Portland","Pending","2024-07-04","2024-07-13",580,250,58,1400,"Kunming Shipping","14000","2024-07-25"
"SHP030","Nanjing","Oakland","Pending","2024-07-05","2024-07-14",600,260,60,1500,"ZIM","15000","2024-07-28"
"SHP031","Shanghai","Los Angeles","Pending","2024-06-15","2024-06-25",500,200,50,1000,"Maersk",10000,"2024-07-01"
"SHP032","Shenzhen","Houston","Pending","2024-06-16","2024-06-26",6050,55,60,1500,"COSCO",15000,"2024-07-05"
"SHP033","Ningbo","San Francisco","Pending","2024-06-17","2024-06-27",550,220,55,1200,"MSC",12000,"2024-07-10"
"SHP034","Tianjin","Dallas","Pending","2024-06-18","2024-06-28",580,240,58,1300,"Hapag-Lloyd",13000,"2024-07-15"
"SHP023","Ningbo","San Francisco","Pending","2024-06-17","2024-06-27",550,220,55,1200,"MSC",12000,"2024-07-10"
"SHP015","Guangzhou","Denver","Pending","2024-06-19","2024-06-29",610,260,61,1400,"Evergreen",14000,"2024-07-20"
"SHP031","Shanghai","Los Angeles","Pending","2024-06-15","2024-06-25",500,200,50,1000,"Maersk",10000,"2024-07-01"
"SHP033","Ningbo","San Francisco","Pending","2024-06-17","2024-06-27",550,220,55,1200,"MSC",12000,"2024-07-10"
"SHP034","Tianjin","Dallas","Pending","2024-06-18","2024-06-28",580,240,58,1300,"Hapag-Lloyd",13000,"2024-07-15"
"SHP023","Ningbo","San Francisco","Pending","2024-06-17","2024-06-27",550,220,55,1200,"MSC",12000,"2024-07-10"
"SHP024","Tianjin","Dallas","Pending","2024-06-18","2024-06-28",580,6,58,1300,"Hapag-Lloyd",13000,"2024-07-15"
"SHP025","Guangzhou","Denver","Pending","2024-06-19","2024-06-29",0,260,61,1400,"Evergreen",14000,"2024-07-20"
"SHP026","Qingdao","Seattle","Pending","2024-07-01","2024-07-10",520,210,52,1100,"APM","11000","2024-07-15"
"SHP027","Wuhan","San Diego","Pending","2024-07-02","2024-07-11",540,230,54,1200,"CMA CGM","12000","2024-07-18"
"SHP028","Xi'an","New York City","Pending","2024-07-03","2024-07-12",560,240,56,1300,"OOCL","13000","2024-07-21"
"SHP029","Chengdu","Portland","Pending","2024-07-04","2024-07-13",580,250,58,1400,"Kunming Shipping","14000","2024-07-25"
"SHP030","Nanjing","Oakland","Pending","2024-07-05","2024-07-14",600,26066,60,1500,"ZIM","15000","2024-07-28"
"SHP031","Shanghai","Los Angeles","Pending","2024-06-15","2024-06-25",500,200,50,1000,"Maersk",10000,"2024-07-01"
"SHP032","Shenzhen","Houston","Pending","2024-06-16","2024-06-26",600,250,60,1500,"COSCO",54,"2024-07-05"
"SHP033","Ningbo","San Francisco","Pending","2024-06-17","2024-06-27",550,220,55,1200,"MSC",44,"2024-07-10"
"SHP034","Tianjin","Dallas","Pending","2024-06-18","2024-06-28",580,240,58,1300,"Hapag-Lloyd",777,"2024-07-15"
"SHP023","Ningbo","San Francisco","Pending","2024-06-17","2024-06-27",550,220,55,1200,"MSC",12000,"2024-07-10"
"SHP015","Guangzhou","Denver","Pending","2024-06-19","2024-06-29",610,2607,61,1400,"Evergreen",1405600,"2024-07-20"
"SHP026","Qingdao","Seattle","Pending","2024-07-01","2024-07-10",0000,210,52,1100,"APM","11000","2024-07-15"
"SHP021","Shanghai","Los Angeles","Pending","2024-06-15","2024-06-25",500,200,50,1000,"Maersk",10000,"2024-07-01"
"SHP023","Ningbo","San Francisco","Pending","2024-06-17","2024-06-27",550,220,55,1200,"MSC",12234000,"2024-07-10"
"SHP024","Tianjin","Dallas","Pending","2024-06-18","2024-06-28",580,240,58,1300,"Hapag-Lloyd",13000,"2024-07-15"
"SHP025","Guangzhou","Denver","Pending","2024-06-19","2024-06-29",610,2460,61,1400,"Evergreen",453,"2024-07-20"
"SHP011","Shanghai","Los Angeles","Pending","2024-06-15","2024-06-25",500,200,50,1000,"Maersk",000,"2024-07-01"
"SHP012","Shenzhen","Houston","Pending","2024-06-16","2024-06-26",600,550,60,1500,"COSCO",15000,"2024-07-05"
"SHP025","Guangzhou","Denver","Pending","2024-06-19","2024-06-29",610,260,61,1400,"Evergreen",14000,"2024-07-20"
"SHP026","Qingdao","Seattle","Pending","2024-07-01","2024-07-10",520,210,52,1100,"APM","11000","2024-07-15"
"SHP029","Chengdu","Portland","Pending","2024-07-04","2024-07-13",580,550,58,1400,"Kunming Shipping","14000","2024-07-25"
"SHP03340","Nanjing","Oakland","Pending","2024-07-05","2024-07-14",000,260,60,1500,"ZIM","1503400","2024-07-28"
"SHP031","Shanghai","Los Angeles","Pending","2024-06-15","2024-06-25",500,200,50,1000,"Maersk",10000,"2024-07-01"
"SHP033","Ningbo","San Francisco","Pending","2024-06-17","2024-06-27",650,220,55,1200,"MSC",12000,"2024-07-10"
"SHP034","Tianjin","Dallas","Pending","2024-06-18","2024-06-28",580,240,58,1300,"Hapag-Lloyd",13000,"2024-07-15"
"SHP023","Ningbo","San Francisco","Pending","2024-06-17","2024-06-27",550,220,55,1200,"MSC",12000,"2024-07-10"
"SHP101","Shenzhen","Houston","Pending","2024-06-16","2024-06-26",600,750,60,1500,"COSCO",15000,"2024-07-05"
"SHP102","Guangzhou","Denver","Pending","2024-06-19","2024-06-29",610,260,61,1400,"Evergreen",14000,"2024-07-20"
"SHP103","Qingdao","Seattle","Pending","2024-07-01","2024-07-10",520,240,52,1100,"APM","11000","2024-07-15"
"SHP104","Chengdu","Portland","Pending","2024-07-04","2024-07-13",580,250,58,1400,"Kunming Shipping","14000","2024-07-25"
"SHP105","Nanjing","Oakland","Pending","2024-07-05","2024-07-14",600,260,60,1500,"ZIM","15000","2024-07-28"
"SHP106","Shanghai","Los Angeles","Pending","2024-06-15","2024-06-25",57700,200,50,1000,"Maersk",10000,"2024-07-01"
"SHP107","Ningbo","San Francisco","Pending","2024-06-17","2024-06-27",550,220,55,1200,"MSC",12000,"2024-07-10"
"SHP108","Tianjin","Dallas","Pending","2024-06-18","2024-06-28",580,240,68,1300,"Hapag-Lloyd",13000,"2024-07-15"
"SHP109","Chengdu","Portland","Pending","2024-07-04","2024-07-13",580,250,58,1400,"Kunming Shipping","14000","2024-07-25"
"SHP110","Nanjing","Oakland","Pending","2024-07-05","2024-07-14",600,260,60,1500,"ZIM","15000","2024-07-28"
"SHP111","Shanghai","Los Angeles","Pending","2024-06-15","2024-06-25",500,200,50,1000,"Maersk",10000,"2024-07-01"
"SHP112","Ningbo","San Francisco","Pending","2024-06-17","2024-06-27",550,220,55,1200,"MSC",12000,"2024-07-10"
"SHP113","Tianjin","Dallas","Pending","2024-06-18","2024-06-28",8888,240,58,1300,"Hapag-Lloyd",13000,"2024-07-15"
"SHP114","Guangzhou","Denver","Pending","2024-06-19","2024-06-29",610,260,61,1400,"Evergreen",2342,"2024-07-20"
"SHP115","Qingdao","Seattle","Pending","2024-07-01","2024-07-10",520,210752,1400,"APM","11000","2024-07-15"
"SHP116","Chengdu","Portland","Pending","2024-07-04","2024-07-13",580,250,58,1400,"Kunming Shipping","78978","2024-07-25"
"SHP117","Nanjing","Oakland","Pending","2024-07-05","2024-07-14",600,260,60,1500,"ZIM","15000","2024-07-28"
"SHP118","Shanghai","Los Angeles","Pending","2024-06-15","2024-06-25",500,200,50,1000,"Maersk",898978978,"2024-07-01"
"SHP119","Ningbo","San Francisco","Pending","2024-06-17","2024-06-27",550,220,55,1200,"MSC",9,"2024-07-10"
"SHP120","Tianjin","Dallas","Pending","2024-06-18","2024-06-28",580,240,58,1300,"Hapag-Lloyd",88,"2024-07-15"
"SHP121","Guangzhou","Denver","Pending","2024-06-19","2024-06-29",3,260,61,1400,"Evergreen",14000,"2024-07-20"
"SHP122","Qingdao","Seattle","Pending","2024-07-01","2024-07-10",520,210,52,1100,"APM","11000","2024-07-15"
"SHP123","Chengdu","Portland","Pending","2024-07-04","2024-07-13",580,250,58,1400,"Kunming Shipping","14000","2024-07-25"
"SHP124","Nanjing","Oakland","Pending","2024-07-05","2024-07-14",2,260,60,1500,"ZIM","15000","2024-07-28"
"SHP125","Shanghai","Los Angeles","Pending","2024-06-15","2024-06-25",500,200,50,1000,"Maersk",9999,"2024-07-01"
"SHP126","Ningbo","San Francisco","Pending","2024-06-17","2024-06-27",550,220,55,1200,"MSC",456456,"2024-07-10"
"SHP127","Tianjin","Dallas","Pending","2024-06-



